{"mean":{"confidence_interval":{"confidence_level":0.95,"lower_bound":-0.01725074811489123,"upper_bound":0.00883283855151743},"point_estimate":-0.0046710326999788165,"standard_error":0.006624325915121781},"median":{"confidence_interval":{"confidence_level":0.95,"lower_bound":-0.010561573237485633,"upper_bound":0.0014468733881487505},"point_estimate":-0.006565068244021255,"standard_error":0.003108152241394239}}