{"mean":{"confidence_interval":{"confidence_level":0.95,"lower_bound":11422717.125,"upper_bound":12074084.445},"point_estimate":11718637.8,"standard_error":167037.92608901628},"median":{"confidence_interval":{"confidence_level":0.95,"lower_bound":11086270.0,"upper_bound":11317540.0},"point_estimate":11195340.0,"standard_error":58280.74998887662},"median_abs_dev":{"confidence_interval":{"confidence_level":0.95,"lower_bound":255733.6694598198,"upper_bound":508724.5289683342},"point_estimate":362451.2155652046,"standard_error":61235.794785086655},"slope":null,"std_dev":{"confidence_interval":{"confidence_level":0.95,"lower_bound":943946.0519974747,"upper_bound":2316080.2493276075},"point_estimate":1673218.221615647,"standard_error":354210.85875547345}}