{"mean":{"confidence_interval":{"confidence_level":0.95,"lower_bound":8792600.612499999,"upper_bound":8952573.766666662},"point_estimate":8867691.833333334,"standard_error":40916.694161409236},"median":{"confidence_interval":{"confidence_level":0.95,"lower_bound":8740250.0,"upper_bound":8820133.333333332},"point_estimate":8762766.666666668,"standard_error":19888.639410374428},"median_abs_dev":{"confidence_interval":{"confidence_level":0.95,"lower_bound":110466.05303883644,"upper_bound":174885.9485201545},"point_estimate":147790.50737619217,"standard_error":16149.900912716172},"slope":null,"std_dev":{"confidence_interval":{"confidence_level":0.95,"lower_bound":276511.6326910317,"upper_bound":523500.70454593893},"point_estimate":411755.4304956046,"standard_error":62935.1411735027}}