{"mean":{"confidence_interval":{"confidence_level":0.95,"lower_bound":0.00373529425038045,"upper_bound":0.06729022522692268},"point_estimate":0.033271342778272706,"standard_error":0.01651778657190887},"median":{"confidence_interval":{"confidence_level":0.95,"lower_bound":-0.015679074384156833,"upper_bound":0.01612126368647493},"point_estimate":-0.0019888301025615673,"standard_error":0.008359800412030424}}